epic_id,epic_name,story_id,title,priority,estimate_points,acceptance
EPIC-01,Authentication and OTP,EPIC-01-US-01,Implement Authentication and OTP capability 1,P0,3,"Feature 1 for Authentication and OTP is implemented, covered by API tests, Flutter integration tests where applicable, and audit logging."
EPIC-01,Authentication and OTP,EPIC-01-US-02,Implement Authentication and OTP capability 2,P0,5,"Feature 2 for Authentication and OTP is implemented, covered by API tests, Flutter integration tests where applicable, and audit logging."
EPIC-01,Authentication and OTP,EPIC-01-US-03,Implement Authentication and OTP capability 3,P0,8,"Feature 3 for Authentication and OTP is implemented, covered by API tests, Flutter integration tests where applicable, and audit logging."
EPIC-01,Authentication and OTP,EPIC-01-US-04,Implement Authentication and OTP capability 4,P1,5,"Feature 4 for Authentication and OTP is implemented, covered by API tests, Flutter integration tests where applicable, and audit logging."
EPIC-01,Authentication and OTP,EPIC-01-US-05,Implement Authentication and OTP capability 5,P1,3,"Feature 5 for Authentication and OTP is implemented, covered by API tests, Flutter integration tests where applicable, and audit logging."
EPIC-01,Authentication and OTP,EPIC-01-US-06,Implement Authentication and OTP capability 6,P1,8,"Feature 6 for Authentication and OTP is implemented, covered by API tests, Flutter integration tests where applicable, and audit logging."
EPIC-01,Authentication and OTP,EPIC-01-US-07,Implement Authentication and OTP capability 7,P2,5,"Feature 7 for Authentication and OTP is implemented, covered by API tests, Flutter integration tests where applicable, and audit logging."
EPIC-01,Authentication and OTP,EPIC-01-US-08,Implement Authentication and OTP capability 8,P2,3,"Feature 8 for Authentication and OTP is implemented, covered by API tests, Flutter integration tests where applicable, and audit logging."
EPIC-02,Customer App Core,EPIC-02-US-01,Implement Customer App Core capability 1,P0,3,"Feature 1 for Customer App Core is implemented, covered by API tests, Flutter integration tests where applicable, and audit logging."
EPIC-02,Customer App Core,EPIC-02-US-02,Implement Customer App Core capability 2,P0,5,"Feature 2 for Customer App Core is implemented, covered by API tests, Flutter integration tests where applicable, and audit logging."
EPIC-02,Customer App Core,EPIC-02-US-03,Implement Customer App Core capability 3,P0,8,"Feature 3 for Customer App Core is implemented, covered by API tests, Flutter integration tests where applicable, and audit logging."
EPIC-02,Customer App Core,EPIC-02-US-04,Implement Customer App Core capability 4,P1,5,"Feature 4 for Customer App Core is implemented, covered by API tests, Flutter integration tests where applicable, and audit logging."
EPIC-02,Customer App Core,EPIC-02-US-05,Implement Customer App Core capability 5,P1,3,"Feature 5 for Customer App Core is implemented, covered by API tests, Flutter integration tests where applicable, and audit logging."
EPIC-02,Customer App Core,EPIC-02-US-06,Implement Customer App Core capability 6,P1,8,"Feature 6 for Customer App Core is implemented, covered by API tests, Flutter integration tests where applicable, and audit logging."
EPIC-02,Customer App Core,EPIC-02-US-07,Implement Customer App Core capability 7,P2,5,"Feature 7 for Customer App Core is implemented, covered by API tests, Flutter integration tests where applicable, and audit logging."
EPIC-02,Customer App Core,EPIC-02-US-08,Implement Customer App Core capability 8,P2,3,"Feature 8 for Customer App Core is implemented, covered by API tests, Flutter integration tests where applicable, and audit logging."
EPIC-03,Agent Onboarding and Verification,EPIC-03-US-01,Implement Agent Onboarding and Verification capability 1,P0,3,"Feature 1 for Agent Onboarding and Verification is implemented, covered by API tests, Flutter integration tests where applicable, and audit logging."
EPIC-03,Agent Onboarding and Verification,EPIC-03-US-02,Implement Agent Onboarding and Verification capability 2,P0,5,"Feature 2 for Agent Onboarding and Verification is implemented, covered by API tests, Flutter integration tests where applicable, and audit logging."
EPIC-03,Agent Onboarding and Verification,EPIC-03-US-03,Implement Agent Onboarding and Verification capability 3,P0,8,"Feature 3 for Agent Onboarding and Verification is implemented, covered by API tests, Flutter integration tests where applicable, and audit logging."
EPIC-03,Agent Onboarding and Verification,EPIC-03-US-04,Implement Agent Onboarding and Verification capability 4,P1,5,"Feature 4 for Agent Onboarding and Verification is implemented, covered by API tests, Flutter integration tests where applicable, and audit logging."
EPIC-03,Agent Onboarding and Verification,EPIC-03-US-05,Implement Agent Onboarding and Verification capability 5,P1,3,"Feature 5 for Agent Onboarding and Verification is implemented, covered by API tests, Flutter integration tests where applicable, and audit logging."
EPIC-03,Agent Onboarding and Verification,EPIC-03-US-06,Implement Agent Onboarding and Verification capability 6,P1,8,"Feature 6 for Agent Onboarding and Verification is implemented, covered by API tests, Flutter integration tests where applicable, and audit logging."
EPIC-03,Agent Onboarding and Verification,EPIC-03-US-07,Implement Agent Onboarding and Verification capability 7,P2,5,"Feature 7 for Agent Onboarding and Verification is implemented, covered by API tests, Flutter integration tests where applicable, and audit logging."
EPIC-03,Agent Onboarding and Verification,EPIC-03-US-08,Implement Agent Onboarding and Verification capability 8,P2,3,"Feature 8 for Agent Onboarding and Verification is implemented, covered by API tests, Flutter integration tests where applicable, and audit logging."
EPIC-04,Task Marketplace and Matching,EPIC-04-US-01,Implement Task Marketplace and Matching capability 1,P0,3,"Feature 1 for Task Marketplace and Matching is implemented, covered by API tests, Flutter integration tests where applicable, and audit logging."
EPIC-04,Task Marketplace and Matching,EPIC-04-US-02,Implement Task Marketplace and Matching capability 2,P0,5,"Feature 2 for Task Marketplace and Matching is implemented, covered by API tests, Flutter integration tests where applicable, and audit logging."
EPIC-04,Task Marketplace and Matching,EPIC-04-US-03,Implement Task Marketplace and Matching capability 3,P0,8,"Feature 3 for Task Marketplace and Matching is implemented, covered by API tests, Flutter integration tests where applicable, and audit logging."
EPIC-04,Task Marketplace and Matching,EPIC-04-US-04,Implement Task Marketplace and Matching capability 4,P1,5,"Feature 4 for Task Marketplace and Matching is implemented, covered by API tests, Flutter integration tests where applicable, and audit logging."
EPIC-04,Task Marketplace and Matching,EPIC-04-US-05,Implement Task Marketplace and Matching capability 5,P1,3,"Feature 5 for Task Marketplace and Matching is implemented, covered by API tests, Flutter integration tests where applicable, and audit logging."
EPIC-04,Task Marketplace and Matching,EPIC-04-US-06,Implement Task Marketplace and Matching capability 6,P1,8,"Feature 6 for Task Marketplace and Matching is implemented, covered by API tests, Flutter integration tests where applicable, and audit logging."
EPIC-04,Task Marketplace and Matching,EPIC-04-US-07,Implement Task Marketplace and Matching capability 7,P2,5,"Feature 7 for Task Marketplace and Matching is implemented, covered by API tests, Flutter integration tests where applicable, and audit logging."
EPIC-04,Task Marketplace and Matching,EPIC-04-US-08,Implement Task Marketplace and Matching capability 8,P2,3,"Feature 8 for Task Marketplace and Matching is implemented, covered by API tests, Flutter integration tests where applicable, and audit logging."
EPIC-05,Chat and Media,EPIC-05-US-01,Implement Chat and Media capability 1,P0,3,"Feature 1 for Chat and Media is implemented, covered by API tests, Flutter integration tests where applicable, and audit logging."
EPIC-05,Chat and Media,EPIC-05-US-02,Implement Chat and Media capability 2,P0,5,"Feature 2 for Chat and Media is implemented, covered by API tests, Flutter integration tests where applicable, and audit logging."
EPIC-05,Chat and Media,EPIC-05-US-03,Implement Chat and Media capability 3,P0,8,"Feature 3 for Chat and Media is implemented, covered by API tests, Flutter integration tests where applicable, and audit logging."
EPIC-05,Chat and Media,EPIC-05-US-04,Implement Chat and Media capability 4,P1,5,"Feature 4 for Chat and Media is implemented, covered by API tests, Flutter integration tests where applicable, and audit logging."
EPIC-05,Chat and Media,EPIC-05-US-05,Implement Chat and Media capability 5,P1,3,"Feature 5 for Chat and Media is implemented, covered by API tests, Flutter integration tests where applicable, and audit logging."
EPIC-05,Chat and Media,EPIC-05-US-06,Implement Chat and Media capability 6,P1,8,"Feature 6 for Chat and Media is implemented, covered by API tests, Flutter integration tests where applicable, and audit logging."
EPIC-05,Chat and Media,EPIC-05-US-07,Implement Chat and Media capability 7,P2,5,"Feature 7 for Chat and Media is implemented, covered by API tests, Flutter integration tests where applicable, and audit logging."
EPIC-05,Chat and Media,EPIC-05-US-08,Implement Chat and Media capability 8,P2,3,"Feature 8 for Chat and Media is implemented, covered by API tests, Flutter integration tests where applicable, and audit logging."
EPIC-06,Calls and External Call Logging,EPIC-06-US-01,Implement Calls and External Call Logging capability 1,P0,3,"Feature 1 for Calls and External Call Logging is implemented, covered by API tests, Flutter integration tests where applicable, and audit logging."
EPIC-06,Calls and External Call Logging,EPIC-06-US-02,Implement Calls and External Call Logging capability 2,P0,5,"Feature 2 for Calls and External Call Logging is implemented, covered by API tests, Flutter integration tests where applicable, and audit logging."
EPIC-06,Calls and External Call Logging,EPIC-06-US-03,Implement Calls and External Call Logging capability 3,P0,8,"Feature 3 for Calls and External Call Logging is implemented, covered by API tests, Flutter integration tests where applicable, and audit logging."
EPIC-06,Calls and External Call Logging,EPIC-06-US-04,Implement Calls and External Call Logging capability 4,P1,5,"Feature 4 for Calls and External Call Logging is implemented, covered by API tests, Flutter integration tests where applicable, and audit logging."
EPIC-06,Calls and External Call Logging,EPIC-06-US-05,Implement Calls and External Call Logging capability 5,P1,3,"Feature 5 for Calls and External Call Logging is implemented, covered by API tests, Flutter integration tests where applicable, and audit logging."
EPIC-06,Calls and External Call Logging,EPIC-06-US-06,Implement Calls and External Call Logging capability 6,P1,8,"Feature 6 for Calls and External Call Logging is implemented, covered by API tests, Flutter integration tests where applicable, and audit logging."
EPIC-06,Calls and External Call Logging,EPIC-06-US-07,Implement Calls and External Call Logging capability 7,P2,5,"Feature 7 for Calls and External Call Logging is implemented, covered by API tests, Flutter integration tests where applicable, and audit logging."
EPIC-06,Calls and External Call Logging,EPIC-06-US-08,Implement Calls and External Call Logging capability 8,P2,3,"Feature 8 for Calls and External Call Logging is implemented, covered by API tests, Flutter integration tests where applicable, and audit logging."
EPIC-07,Reviews and Reputation,EPIC-07-US-01,Implement Reviews and Reputation capability 1,P0,3,"Feature 1 for Reviews and Reputation is implemented, covered by API tests, Flutter integration tests where applicable, and audit logging."
EPIC-07,Reviews and Reputation,EPIC-07-US-02,Implement Reviews and Reputation capability 2,P0,5,"Feature 2 for Reviews and Reputation is implemented, covered by API tests, Flutter integration tests where applicable, and audit logging."
EPIC-07,Reviews and Reputation,EPIC-07-US-03,Implement Reviews and Reputation capability 3,P0,8,"Feature 3 for Reviews and Reputation is implemented, covered by API tests, Flutter integration tests where applicable, and audit logging."
EPIC-07,Reviews and Reputation,EPIC-07-US-04,Implement Reviews and Reputation capability 4,P1,5,"Feature 4 for Reviews and Reputation is implemented, covered by API tests, Flutter integration tests where applicable, and audit logging."
EPIC-07,Reviews and Reputation,EPIC-07-US-05,Implement Reviews and Reputation capability 5,P1,3,"Feature 5 for Reviews and Reputation is implemented, covered by API tests, Flutter integration tests where applicable, and audit logging."
EPIC-07,Reviews and Reputation,EPIC-07-US-06,Implement Reviews and Reputation capability 6,P1,8,"Feature 6 for Reviews and Reputation is implemented, covered by API tests, Flutter integration tests where applicable, and audit logging."
EPIC-07,Reviews and Reputation,EPIC-07-US-07,Implement Reviews and Reputation capability 7,P2,5,"Feature 7 for Reviews and Reputation is implemented, covered by API tests, Flutter integration tests where applicable, and audit logging."
EPIC-07,Reviews and Reputation,EPIC-07-US-08,Implement Reviews and Reputation capability 8,P2,3,"Feature 8 for Reviews and Reputation is implemented, covered by API tests, Flutter integration tests where applicable, and audit logging."
EPIC-08,Admin Portal,EPIC-08-US-01,Implement Admin Portal capability 1,P0,3,"Feature 1 for Admin Portal is implemented, covered by API tests, Flutter integration tests where applicable, and audit logging."
EPIC-08,Admin Portal,EPIC-08-US-02,Implement Admin Portal capability 2,P0,5,"Feature 2 for Admin Portal is implemented, covered by API tests, Flutter integration tests where applicable, and audit logging."
EPIC-08,Admin Portal,EPIC-08-US-03,Implement Admin Portal capability 3,P0,8,"Feature 3 for Admin Portal is implemented, covered by API tests, Flutter integration tests where applicable, and audit logging."
EPIC-08,Admin Portal,EPIC-08-US-04,Implement Admin Portal capability 4,P1,5,"Feature 4 for Admin Portal is implemented, covered by API tests, Flutter integration tests where applicable, and audit logging."
EPIC-08,Admin Portal,EPIC-08-US-05,Implement Admin Portal capability 5,P1,3,"Feature 5 for Admin Portal is implemented, covered by API tests, Flutter integration tests where applicable, and audit logging."
EPIC-08,Admin Portal,EPIC-08-US-06,Implement Admin Portal capability 6,P1,8,"Feature 6 for Admin Portal is implemented, covered by API tests, Flutter integration tests where applicable, and audit logging."
EPIC-08,Admin Portal,EPIC-08-US-07,Implement Admin Portal capability 7,P2,5,"Feature 7 for Admin Portal is implemented, covered by API tests, Flutter integration tests where applicable, and audit logging."
EPIC-08,Admin Portal,EPIC-08-US-08,Implement Admin Portal capability 8,P2,3,"Feature 8 for Admin Portal is implemented, covered by API tests, Flutter integration tests where applicable, and audit logging."
EPIC-09,Security and Compliance,EPIC-09-US-01,Implement Security and Compliance capability 1,P0,3,"Feature 1 for Security and Compliance is implemented, covered by API tests, Flutter integration tests where applicable, and audit logging."
EPIC-09,Security and Compliance,EPIC-09-US-02,Implement Security and Compliance capability 2,P0,5,"Feature 2 for Security and Compliance is implemented, covered by API tests, Flutter integration tests where applicable, and audit logging."
EPIC-09,Security and Compliance,EPIC-09-US-03,Implement Security and Compliance capability 3,P0,8,"Feature 3 for Security and Compliance is implemented, covered by API tests, Flutter integration tests where applicable, and audit logging."
EPIC-09,Security and Compliance,EPIC-09-US-04,Implement Security and Compliance capability 4,P1,5,"Feature 4 for Security and Compliance is implemented, covered by API tests, Flutter integration tests where applicable, and audit logging."
EPIC-09,Security and Compliance,EPIC-09-US-05,Implement Security and Compliance capability 5,P1,3,"Feature 5 for Security and Compliance is implemented, covered by API tests, Flutter integration tests where applicable, and audit logging."
EPIC-09,Security and Compliance,EPIC-09-US-06,Implement Security and Compliance capability 6,P1,8,"Feature 6 for Security and Compliance is implemented, covered by API tests, Flutter integration tests where applicable, and audit logging."
EPIC-09,Security and Compliance,EPIC-09-US-07,Implement Security and Compliance capability 7,P2,5,"Feature 7 for Security and Compliance is implemented, covered by API tests, Flutter integration tests where applicable, and audit logging."
EPIC-09,Security and Compliance,EPIC-09-US-08,Implement Security and Compliance capability 8,P2,3,"Feature 8 for Security and Compliance is implemented, covered by API tests, Flutter integration tests where applicable, and audit logging."
EPIC-10,DevOps and Observability,EPIC-10-US-01,Implement DevOps and Observability capability 1,P0,3,"Feature 1 for DevOps and Observability is implemented, covered by API tests, Flutter integration tests where applicable, and audit logging."
EPIC-10,DevOps and Observability,EPIC-10-US-02,Implement DevOps and Observability capability 2,P0,5,"Feature 2 for DevOps and Observability is implemented, covered by API tests, Flutter integration tests where applicable, and audit logging."
EPIC-10,DevOps and Observability,EPIC-10-US-03,Implement DevOps and Observability capability 3,P0,8,"Feature 3 for DevOps and Observability is implemented, covered by API tests, Flutter integration tests where applicable, and audit logging."
EPIC-10,DevOps and Observability,EPIC-10-US-04,Implement DevOps and Observability capability 4,P1,5,"Feature 4 for DevOps and Observability is implemented, covered by API tests, Flutter integration tests where applicable, and audit logging."
EPIC-10,DevOps and Observability,EPIC-10-US-05,Implement DevOps and Observability capability 5,P1,3,"Feature 5 for DevOps and Observability is implemented, covered by API tests, Flutter integration tests where applicable, and audit logging."
EPIC-10,DevOps and Observability,EPIC-10-US-06,Implement DevOps and Observability capability 6,P1,8,"Feature 6 for DevOps and Observability is implemented, covered by API tests, Flutter integration tests where applicable, and audit logging."
EPIC-10,DevOps and Observability,EPIC-10-US-07,Implement DevOps and Observability capability 7,P2,5,"Feature 7 for DevOps and Observability is implemented, covered by API tests, Flutter integration tests where applicable, and audit logging."
EPIC-10,DevOps and Observability,EPIC-10-US-08,Implement DevOps and Observability capability 8,P2,3,"Feature 8 for DevOps and Observability is implemented, covered by API tests, Flutter integration tests where applicable, and audit logging."
